Model,Accuracy,Precision,Recall,F1-Score
Logistic,0.9788695192815636,1.0,0.8067632850241546,0.893048128342246
SVM,0.9825673534072901,0.9223300970873787,0.9178743961352657,0.9200968523002422
RandomForest,0.9698890649762282,0.7884615384615384,0.9903381642512077,0.8779443254817987
